Name,fps,cpums,cms,gms,expectedp,loadedp,shaderp_comp,shaderp_grph,expectedc,shaderc,sidelen,cell_count,mean,stddev,mmrr
000CollisionDataSet32X16X4,6206.16,0.00016113,4.64e-06,4.704e-06,32.0,4294967295.0,0,0,16,0,1,8,5496.185901639345,341.9497704116646,0.0
001CollisionDataSet11264X5632X14,4774.6,0.000209442,4.0832e-05,1.312e-05,11264.0,4294967295.0,0,0,5632,0,1,8,4407.396393442623,215.4532057008574,0.0
002CollisionDataSet26624X13312X17,3979.93,0.00025126,9.1872e-05,2.1792e-05,26624.0,4294967295.0,0,0,13312,0,1,8,3781.6295081967214,140.57554336164156,0.0
003CollisionDataSet36864X18432X19,3354.27,0.000298127,0.00012608,2.8288e-05,36864.0,4294967295.0,0,0,18432,0,1,8,3115.6632786885248,162.96981313238462,0.0
004CollisionDataSet47104X23552X21,2804.09,0.000356621,0.00016016,3.3952e-05,47104.0,4294967295.0,0,0,23552,0,1,8,2646.6281967213113,89.72696691460149,0.0
005CollisionDataSet57344X28672X22,2520.76,0.000396706,0.000194048,4.0032e-05,57344.0,4294967295.0,0,0,28672,0,1,8,2388.7750819672133,78.09415111737351,0.0
006CollisionDataSet67584X33792X23,2377.9,0.000420539,0.000228192,4.5856e-05,67584.0,4294967295.0,0,0,33792,0,1,8,2274.9496721311475,51.44897766937691,0.0
007CollisionDataSet77824X38912X24,2109.69,0.000474003,0.00026208,5.1232e-05,77824.0,4294967295.0,0,0,38912,0,1,8,2013.4870491803279,58.34831332450156,0.0
008CollisionDataSet88064X44032X25,1908.63,0.000523937,0.000296192,5.8464e-05,88064.0,4294967295.0,0,0,44032,0,1,8,1820.4054098360655,44.64420610313544,0.0
009CollisionDataSet98304X49152X26,1764.62,0.000566695,0.000330112,6.4064e-05,98304.0,4294967295.0,0,0,49152,0,1,8,1698.9798360655739,43.492944389168954,0.0
010CollisionDataSet148480X74240X29,1331.57,0.000750991,0.000497312,9.4496e-05,148480.0,4294967295.0,0,0,74240,0,1,8,1253.566393442623,29.363966866029706,0.0
011CollisionDataSet214016X107008X32,838.346,0.00119282,0.000784704,0.000134656,214016.0,4294967295.0,0,0,107008,0,1,8,817.2420983606557,13.216171997096236,0.0
012CollisionDataSet312320X156160X36,533.91,0.00187298,0.00135696,0.000231776,312320.0,4294967295.0,0,0,156160,0,1,8,523.452,6.707823725571012,0.0
013CollisionDataSet377856X188928X39,450.425,0.00222013,0.00164061,0.000285376,377856.0,4294967295.0,0,0,188928,0,1,8,440.9632786885246,5.885597964894611,0.0
014CollisionDataSet459776X229888X41,375.233,0.00266501,0.0019959,0.000347488,459776.0,4294967295.0,0,0,229888,0,1,8,367.20847540983607,5.509871225375287,0.0
015CollisionDataSet525312X262656X43,334.026,0.00299378,0.00228035,0.000394848,525312.0,4294967295.0,0,0,262656,0,1,8,327.67081967213113,5.181988953764747,0.0
016CollisionDataSet623616X311808X45,285.487,0.00350279,0.00270592,0.000462848,623616.0,4294967295.0,0,0,311808,0,1,8,281.9942295081967,2.8409454845962965,0.0
017CollisionDataSet705536X352768X47,254.817,0.00392438,0.0030607,0.00052656,705536.0,4294967295.0,0,0,352768,0,1,8,250.75659016393442,3.0040171125624924,0.0
018CollisionDataSet787456X393728X49,228.428,0.00437776,0.00341533,0.000588512,787456.0,4294967295.0,0,0,393728,0,1,8,224.58252459016393,2.656775411449986,0.0
019CollisionDataSet934912X467456X51,192.745,0.00518821,0.00405456,0.000699424,934912.0,4294967295.0,0,0,467456,0,1,8,190.0592950819672,1.8709042318645646,0.0
020CollisionDataSet1098752X549376X54,165.464,0.0060436,0.00476403,0.00081952,1098752.0,4294967295.0,0,0,549376,0,1,8,163.57780327868852,1.7912804993418534,0.0
021CollisionDataSet1262592X631296X57,144.601,0.0069156,0.00547296,0.000938816,1262592.0,4294967295.0,0,0,631296,0,1,8,143.4351475409836,1.280750819325206,0.0
022CollisionDataSet1426432X713216X59,128.168,0.00780226,0.00618307,0.00106096,1426432.0,4294967295.0,0,0,713216,0,1,8,126.74262295081967,1.5267381041939743,0.0
023CollisionDataSet1590272X795136X61,115.811,0.00863473,0.00689318,0.00117306,1590272.0,4294967295.0,0,0,795136,0,1,8,114.00955737704918,1.2879075604068035,0.0
024CollisionDataSet1754112X877056X63,105.256,0.00950068,0.00760234,0.0013009,1754112.0,4294967295.0,0,0,877056,0,1,8,104.30836885245901,1.0206900113062385,0.0
025CollisionDataSet1917952X958976X65,96.6188,0.01035,0.00831306,0.00141648,1917952.0,4294967295.0,0,0,958976,0,1,8,95.87220819672132,0.9719152310935836,0.0
026CollisionDataSet2081792X1040896X66,89.1316,0.0112194,0.00902227,0.00155232,2081792.0,4294967295.0,0,0,1040896,0,1,8,88.18315901639345,0.9663463134192704,0.0
027CollisionDataSet2245632X1122816X68,82.739,0.0120862,0.00973203,0.00167546,2245632.0,4294967295.0,0,0,1122816,0,1,8,81.69350491803279,0.9265063497580982,0.0
028CollisionDataSet2409472X1204736X70,77.1731,0.0129579,0.0104414,0.0017967,2409472.0,4294967295.0,0,0,1204736,0,1,8,76.44215901639345,0.7047359508773609,0.0
029CollisionDataSet2573312X1286656X71,72.801,0.0137361,0.0111522,0.00191203,2573312.0,4294967295.0,0,0,1286656,0,1,8,71.91036557377049,0.7250898872749608,0.0
030CollisionDataSet2737152X1368576X72,68.7676,0.0145417,0.0118615,0.00204493,2737152.0,4294967295.0,0,0,1368576,0,1,8,67.61664098360656,0.8087214121432766,0.0
031CollisionDataSet2900992X1450496X74,64.4568,0.0155143,0.0125723,0.00216499,2900992.0,4294967295.0,0,0,1450496,0,1,8,63.56167213114754,0.74037667015539,0.0
032CollisionDataSet3064832X1532416X75,61.8131,0.0161778,0.0132825,0.00228362,3064832.0,4294967295.0,0,0,1532416,0,1,8,60.3369,0.734579782823713,0.0
033CollisionDataSet3228672X1614336X76,58.5973,0.0170656,0.0142793,0.00241846,3228672.0,4294967295.0,0,0,1614336,0,1,8,57.350596721311476,0.6882591573351838,0.0
034CollisionDataSet3392512X1696256X78,55.6571,0.0179671,0.0149905,0.00253264,3392512.0,4294967295.0,0,0,1696256,0,1,8,54.78625573770492,0.559677878940077,0.0
035CollisionDataSet3539968X1769984X79,53.751,0.0186043,0.0156256,0.00263981,3539968.0,4294967295.0,0,0,1769984,0,1,8,52.586277049180325,0.5677601076139586,0.0
036CollisionDataSet3703808X1851904X80,51.9729,0.0192408,0.0163372,0.00276707,3703808.0,4294967295.0,0,0,1851904,0,1,8,50.09176393442623,0.5151650460557236,0.0
037CollisionDataSet3867648X1933824X81,49.7088,0.0201172,0.017047,0.00288877,3867648.0,4294967295.0,0,0,1933824,0,1,8,48.06429836065574,0.5861125683950146,0.0
038CollisionDataSet4031488X2015744X82,47.7448,0.0209447,0.0177568,0.00301005,4031488.0,4294967295.0,0,0,2015744,0,1,8,46.25610655737705,0.5175176263886584,0.0
039CollisionDataSet4195328X2097664X83,46.2318,0.0216301,0.0184672,0.00313082,4195328.0,4294967295.0,0,0,2097664,0,1,8,44.595608196721315,0.5229684395496804,0.0
040CollisionDataSet4359168X2179584X84,44.2496,0.0225991,0.019174,0.0032575,4359168.0,4294967295.0,0,0,2179584,0,1,8,42.85367868852459,0.5846563968448348,0.0
041CollisionDataSet4523008X2261504X85,42.8353,0.0233452,0.0198879,0.00337261,4523008.0,4294967295.0,0,0,2261504,0,1,8,41.23661967213115,0.4572010924526434,0.0
042CollisionDataSet4686848X2343424X86,41.6744,0.0239955,0.0205962,0.0034943,4686848.0,4294967295.0,0,0,2343424,0,1,8,39.89946229508197,0.4800935760050443,0.0
043CollisionDataSet4850688X2425344X87,40.0956,0.0249404,0.0213042,0.00361149,4850688.0,4294967295.0,0,0,2425344,0,1,8,38.63211475409836,0.45514566416919905,0.0
044CollisionDataSet5014528X2507264X88,38.9378,0.025682,0.022018,0.00374259,5014528.0,4294967295.0,0,0,2507264,0,1,8,37.42303770491803,0.49490901997705095,0.0
045CollisionDataSet5178368X2589184X89,37.7709,0.0264754,0.0227263,0.0038639,5178368.0,4294967295.0,0,0,2589184,0,1,8,36.11915081967213,0.5535726861707652,0.0
046CollisionDataSet5342208X2671104X90,36.9592,0.0270568,0.0234321,0.00397811,5342208.0,4294967295.0,0,0,2671104,0,1,8,35.02445081967213,0.46902803918420855,0.0
047CollisionDataSet5506048X2753024X91,35.7382,0.0279813,0.0241392,0.0041025,5506048.0,4294967295.0,0,0,2753024,0,1,8,34.048139344262296,0.48590287104821256,0.0
048CollisionDataSet5669888X2834944X92,34.9823,0.0285859,0.0248533,0.00420925,5669888.0,4294967295.0,0,0,2834944,0,1,8,33.1546,0.48360365004136746,0.0
049CollisionDataSet5833728X2916864X93,33.6665,0.0297031,0.0255605,0.00433245,5833728.0,4294967295.0,0,0,2916864,0,1,8,32.224473770491805,0.45580808311599685,0.0
050CollisionDataSet5997568X2998784X93,32.8319,0.0304582,0.0262715,0.0044377,5997568.0,4294967295.0,0,0,2998784,0,1,8,31.26005081967213,0.43008902745941274,0.0
051CollisionDataSet6112256X3056128X94,32.2841,0.030975,0.0267375,0.00454163,6112256.0,4294967295.0,0,0,3056128,0,1,8,30.666919672131147,0.449249707779416,0.0
052CollisionDataSet6243328X3121664X95,31.6927,0.031553,0.0273381,0.00464106,6243328.0,4294967295.0,0,0,3121664,0,1,8,30.07064262295082,0.47250301073432877,0.0
053CollisionDataSet6480896X3240448X96,30.7515,0.0325187,0.0283672,0.00480944,6480896.0,4294967295.0,0,0,3240448,0,1,8,28.989260655737706,0.42966631327061566,0.0
054CollisionDataSet6992896X3496448X98,28.3614,0.0352592,0.0302964,0.00518877,6992896.0,4294967295.0,0,0,3496448,0,1,8,26.85395737704918,0.3896118142711692,0.0
055CollisionDataSet7504896X3752448X100,26.8862,0.0371938,0.0328068,0.00557818,7504896.0,4294967295.0,0,0,3752448,0,1,8,25.071586885245903,0.45093811196785794,0.0
056CollisionDataSet8016896X4008448X103,25.2801,0.0395567,0.0350221,0.00595194,8016896.0,4294967295.0,0,0,4008448,0,1,8,23.343977049180328,0.45554159904939634,0.0
057CollisionDataSet8528896X4264448X105,23.9039,0.0418341,0.0372406,0.00633363,8528896.0,4294967295.0,0,0,4264448,0,1,8,22.03590655737705,0.4210037338982686,0.0
058CollisionDataSet9040896X4520448X107,22.4868,0.0444706,0.0394566,0.00668813,9040896.0,4294967295.0,0,0,4520448,0,1,8,20.781062295081966,0.38655706312864707,0.0
059CollisionDataSet9552896X4776448X109,21.5361,0.0464336,0.0416744,0.00708314,9552896.0,4294967295.0,0,0,4776448,0,1,8,19.64720655737705,0.3827901426233669,0.0
060CollisionDataSet10064896X5032448X110,20.3672,0.0490986,0.0439046,0.00746016,10064896.0,4294967295.0,0,0,5032448,0,1,8,18.626452459016395,0.4206729951742237,0.0
061CollisionDataSet10474496X5237248X112,19.9406,0.050149,0.0456716,0.00775322,10474496.0,4294967295.0,0,0,5237248,0,1,8,17.91200163934426,0.41657851300477294,0.0
062CollisionDataSet11088896X5544448X114,18.8441,0.053067,0.0483329,0.00820662,11088896.0,4294967295.0,0,0,5544448,0,1,8,16.912924590163936,0.39387291759980053,0.0
