time,fps,cpums,cms,gms,expectedp,loadedp,shaderp_comp,shaderp_grph,expectedc,shaderc,threadcount,sidelen,cell_count,density,PERR,CERR
1.00702,32.7698,0.0305159,0.0267212,0.00431382,4359168,4359168,4359168,4359169,2179584,2179584,4359168,84,8,0.5,0,0
1.0264,31.1768,0.0320751,0.0266384,0.00431715,4359168,4359168,4359168,4359169,2179584,2179584,4359168,84,8,0.5,0,0
1.01527,30.5338,0.0327506,0.0266501,0.00435254,4359168,4359168,4359168,4359169,2179584,2179584,4359168,84,8,0.5,0,0
1.00352,30.8911,0.0323718,0.0266455,0.00432899,4359168,4359168,4359168,4359169,2179584,2179584,4359168,84,8,0.5,0,0
1.02488,31.2231,0.0320276,0.0263532,0.00431437,4359168,4359168,4359168,4359169,2179584,2179584,4359168,84,8,0.5,0,0
1.01767,28.4965,0.035092,0.0266558,0.00433126,4359168,4359168,4359168,4359169,2179584,2179584,4359168,84,8,0.5,0,0
1.00528,30.8371,0.0324285,0.0267215,0.00432854,4359168,4359168,4359168,4359169,2179584,2179584,4359168,84,8,0.5,0,0
1.02375,31.2577,0.0319921,0.0267203,0.00425706,4359168,4359168,4359168,4359169,2179584,2179584,4359168,84,8,0.5,0,0
1.00997,30.694,0.0325797,0.0267257,0.00431606,4359168,4359168,4359168,4359169,2179584,2179584,4359168,84,8,0.5,0,0
1.02932,31.0886,0.0321662,0.0267257,0.00433734,4359168,4359168,4359168,4359169,2179584,2179584,4359168,84,8,0.5,0,0
1.01727,30.4738,0.0328151,0.0266481,0.00433658,4359168,4359168,4359168,4359169,2179584,2179584,4359168,84,8,0.5,0,0
1.0055,30.8304,0.0324356,0.0263497,0.00434787,4359168,4359168,4359168,4359169,2179584,2179584,4359168,84,8,0.5,0,0
1.02538,31.208,0.032043,0.0267218,0.0043208,4359168,4359168,4359168,4359169,2179584,2179584,4359168,84,8,0.5,0,0
1.01569,30.5211,0.0327642,0.0267274,0.00434054,4359168,4359168,4359168,4359169,2179584,2179584,4359168,84,8,0.5,0,0
1.0042,30.8705,0.0323934,0.0267325,0.00426883,4359168,4359168,4359168,4359169,2179584,2179584,4359168,84,8,0.5,0,0
1.02193,31.3132,0.0319354,0.0267264,0.00425898,4359168,4359168,4359168,4359169,2179584,2179584,4359168,84,8,0.5,0,0
1.00987,30.697,0.0325765,0.0267265,0.0042617,4359168,4359168,4359168,4359169,2179584,2179584,4359168,84,8,0.5,0,0
1.03071,31.0466,0.0322096,0.0265991,0.00428278,4359168,4359168,4359168,4359169,2179584,2179584,4359168,84,8,0.5,0,0
1.02266,30.3132,0.0329889,0.0268057,0.00426784,4359168,4359168,4359168,4359169,2179584,2179584,4359168,84,8,0.5,0,0
1.01399,30.5724,0.0327093,0.0268807,0.0042945,4359168,4359168,4359168,4359169,2179584,2179584,4359168,84,8,0.5,0,0
1.00688,30.7883,0.0324799,0.0268893,0.00426534,4359168,4359168,4359168,4359169,2179584,2179584,4359168,84,8,0.5,0,0
1.0317,31.0168,0.0322406,0.0268859,0.00426912,4359168,4359168,4359168,4359169,2179584,2179584,4359168,84,8,0.5,0,0
1.02709,30.1822,0.0331321,0.0268893,0.00433843,4359168,4359168,4359168,4359169,2179584,2179584,4359168,84,8,0.5,0,0
1.02118,30.357,0.0329414,0.0268297,0.00425962,4359168,4359168,4359168,4359169,2179584,2179584,4359168,84,8,0.5,0,0
1.0125,30.6173,0.0326613,0.0268793,0.00426195,4359168,4359168,4359168,4359169,2179584,2179584,4359168,84,8,0.5,0,0
1.00404,30.8752,0.0323885,0.0267267,0.00426122,4359168,4359168,4359168,4359169,2179584,2179584,4359168,84,8,0.5,0,0
1.02763,31.1395,0.0321135,0.0268822,0.0042752,4359168,4359168,4359168,4359169,2179584,2179584,4359168,84,8,0.5,0,0
1.02055,30.3759,0.0329208,0.0268088,0.00427168,4359168,4359168,4359168,4359169,2179584,2179584,4359168,84,8,0.5,0,0
1.01319,30.5963,0.0326837,0.0268907,0.00427645,4359168,4359168,4359168,4359169,2179584,2179584,4359168,84,8,0.5,0,0
1.00619,30.8093,0.0324577,0.0268864,0.00426512,4359168,4359168,4359168,4359169,2179584,2179584,4359168,84,8,0.5,0,0
1.03091,31.0406,0.0322158,0.0268908,0.00428323,4359168,4359168,4359168,4359169,2179584,2179584,4359168,84,8,0.5,0,0
1.02271,30.3117,0.0329906,0.0268836,0.0042761,4359168,4359168,4359168,4359169,2179584,2179584,4359168,84,8,0.5,0,0
1.01412,30.5685,0.0327134,0.0268781,0.0042799,4359168,4359168,4359168,4359169,2179584,2179584,4359168,84,8,0.5,0,0
1.00597,30.8161,0.0324506,0.0268802,0.00426528,4359168,4359168,4359168,4359169,2179584,2179584,4359168,84,8,0.5,0,0
1.03188,31.0114,0.0322462,0.0268825,0.0042833,4359168,4359168,4359168,4359169,2179584,2179584,4359168,84,8,0.5,0,0
1.02539,30.2323,0.0330772,0.0267185,0.0042825,4359168,4359168,4359168,4359169,2179584,2179584,4359168,84,8,0.5,0,0
1.02206,29.3525,0.0340687,0.0268877,0.0043241,4359168,4359168,4359168,4359169,2179584,2179584,4359168,84,8,0.5,0,0
1.0168,30.4877,0.0328001,0.0265241,0.00426035,4359168,4359168,4359168,4359169,2179584,2179584,4359168,84,8,0.5,0,0
1.0091,30.7205,0.0325515,0.0267274,0.00426762,4359168,4359168,4359168,4359169,2179584,2179584,4359168,84,8,0.5,0,0
1.00117,30.9639,0.0322957,0.0268054,0.0042784,4359168,4359168,4359168,4359169,2179584,2179584,4359168,84,8,0.5,0,0
1.02417,31.2447,0.0320055,0.0268005,0.00425075,4359168,4359168,4359168,4359169,2179584,2179584,4359168,84,8,0.5,0,0
1.01712,30.4782,0.0328104,0.0268029,0.00425091,4359168,4359168,4359168,4359169,2179584,2179584,4359168,84,8,0.5,0,0
1.0093,30.7144,0.032558,0.0266017,0.00426557,4359168,4359168,4359168,4359169,2179584,2179584,4359168,84,8,0.5,0,0
1.00309,30.9045,0.0323577,0.0268844,0.00427939,4359168,4359168,4359168,4359169,2179584,2179584,4359168,84,8,0.5,0,0
1.03016,31.0631,0.0321926,0.0268838,0.00428938,4359168,4359168,4359168,4359169,2179584,2179584,4359168,84,8,0.5,0,0
1.02302,30.3025,0.0330005,0.0268855,0.00424205,4359168,4359168,4359168,4359169,2179584,2179584,4359168,84,8,0.5,0,0
1.01543,30.5288,0.0327559,0.0268047,0.00427245,4359168,4359168,4359168,4359169,2179584,2179584,4359168,84,8,0.5,0,0
1.00452,30.8606,0.0324038,0.026644,0.00427469,4359168,4359168,4359168,4359169,2179584,2179584,4359168,84,8,0.5,0,0
1.02471,31.2283,0.0320223,0.0267233,0.0042537,4359168,4359168,4359168,4359169,2179584,2179584,4359168,84,8,0.5,0,0
1.01178,30.639,0.0326382,0.0268725,0.0042729,4359168,4359168,4359168,4359169,2179584,2179584,4359168,84,8,0.5,0,0
1.03047,31.0538,0.0322021,0.0267184,0.00428413,4359168,4359168,4359168,4359169,2179584,2179584,4359168,84,8,0.5,0,0
1.01662,30.4932,0.0327942,0.0267246,0.00427862,4359168,4359168,4359168,4359169,2179584,2179584,4359168,84,8,0.5,0,0
1.00406,30.8747,0.0323889,0.0267246,0.00425779,4359168,4359168,4359168,4359169,2179584,2179584,4359168,84,8,0.5,0,0
1.02365,31.2607,0.031989,0.0268806,0.00426646,4359168,4359168,4359168,4359169,2179584,2179584,4359168,84,8,0.5,0,0
1.01082,30.6683,0.032607,0.0267244,0.00426477,4359168,4359168,4359168,4359169,2179584,2179584,4359168,84,8,0.5,0,0
1.03114,31.0335,0.0322232,0.0266393,0.00435021,4359168,4359168,4359168,4359169,2179584,2179584,4359168,84,8,0.5,0,0
1.01977,30.399,0.0328958,0.026727,0.0042679,4359168,4359168,4359168,4359169,2179584,2179584,4359168,84,8,0.5,0,0
1.00634,30.8048,0.0324625,0.0267231,0.00427194,4359168,4359168,4359168,4359169,2179584,2179584,4359168,84,8,0.5,0,0
1.02527,31.2113,0.0320397,0.0267241,0.0042935,4359168,4359168,4359168,4359169,2179584,2179584,4359168,84,8,0.5,0,0
1.01378,30.5785,0.0327027,0.0268801,0.00428573,4359168,4359168,4359168,4359169,2179584,2179584,4359168,84,8,0.5,0,0
1.00288,30.911,0.0323509,0.0263514,0.00425709,4359168,4359168,4359168,4359169,2179584,2179584,4359168,84,8,0.5,0,0
